Workbook

Sheet Customers
A1: Customer ID | B1: Customer Name | C1: Company | D1: Industry | E1: Lead Source | F1: Status | G1: Sales Rep | H1: Deal Value | I1: Last Contact | J1: Next Follow-up
A2: C001 | B2: John Smith | C2: ABC Technologies | D2: IT | E2: LinkedIn | F2: Won | G2: Alex | H2: 50000 | I2: 46204 | J2: 46213
A3: C002 | B3: Sarah Johnson | C3: XYZ Retail | D3: Retail | E3: Website | F3: Lost | G3: Emma | H3: 25000 | I3: 46203 | J3: 46211
A4: C003 | B4: David Brown | C4: TechSoft | D4: IT | E4: Referral | F4: Pending | G4: Alex | H4: 40000 | I4: 46205 | J4: 46215
A5: C004 | B5: Emily Davis | C5: Green Foods | D5: Food | E5: Website | F5: Won | G5: Chris | H5: 60000 | I5: 46201 | J5: 46212
A6: C005 | B6: Michael Wilson | C6: Bright Finance | D6: Finance | E6: LinkedIn | F6: Pending | G6: Emma | H6: 45000 | I6: 46202 | J6: 46214
A7: C006 | B7: Jessica Miller | C7: Sky Logistics | D7: Logistics | E7: Referral | F7: Won | G7: Alex | H7: 70000 | I7: 46200 | J7: 46211
A8: C007 | B8: Daniel Moore | C8: HealthCare Plus | D8: Healthcare | E8: Website | F8: Lost | G8: Chris | H8: 30000 | I8: 46198 | J8: 46216
A9: C008 | B9: Olivia Taylor | C9: Nova Solutions | D9: IT | E9: LinkedIn | F9: Won | G9: Emma | H9: 55000 | I9: 46204 | J9: 46213
A10: C009 | B10: William Anderson | C10: Urban Builders | D10: Construction | E10: Referral | F10: Pending | G10: Alex | H10: 65000 | I10: 46205 | J10: 46217
A11: C010 | B11: Sophia Thomas | C11: Elite Fashion | D11: Retail | E11: Website | F11: Won | G11: Chris | H11: 35000 | I11: 46203 | J11: 46212
A12: C011 | B12: James Jackson | C12: Smart Energy | D12: Energy | E12: LinkedIn | F12: Won | G12: Emma | H12: 72000 | I12: 46202 | J12: 46214
A13: C012 | B13: Isabella White | C13: Blue Ocean | D13: Shipping | E13: Referral | F13: Lost | G13: Alex | H13: 27000 | I13: 46201 | J13: 46213
... A51: C050 | B51: Aurora Morris | C51: Future Finance | D51: Finance | E51: LinkedIn | F51: Pending | G51: Emma | H51: 59000 | I51: 46205 | J51: 46216

Sheet Dashboard
A1: Total Customers | B1: =COUNTA(Customers!A2:A51) -> 50
A2: Total Deal Value | B2: =SUM(Customers!H2:H100) -> 2723000 | E2: Status | F2: Count | H2: Sales Rep | I2: Total Sales | K2: Lead Source | L2: Count
A3: Won Deals | B3: =COUNTIF(Customers!F2:F100,"Won") -> 25 | E3: Won Deals | F3: =COUNTIF(Customers!F:F,"Won") -> 25 | H3: Alex | I3: =SUMIF(Customers!G:G,"Alex",Customers!H:H) -> 1012000 | K3: LinkedIn | L3: =COUNTIF(Customers!E:E,"LinkedIn") -> 17
A4: Lost Deals | B4: =COUNTIF(Customers!F2:F100,"Lost") -> 12 | E4: Lost Deals | F4: =COUNTIF(Customers!F:F,"Lost") -> 12 | H4: Emma | I4: =SUMIF(Customers!G:G,"Emma",Customers!H:H) -> 1003000 | K4: Website | L4: {=COUNTIF(Customers!E:E,website)} -> 0
A5: Pending Deals | B5: =COUNTIF(Customers!F2:F100,"Pending") -> 13 | E5: Pending Deals | F5: =COUNTIF(Customers!F:F,"Pending") -> 13 | H5: Chris | I5: =SUMIF(Customers!G:G,"Chris",Customers!H:H) -> 708000 | K5: Referral | L5: =COUNTIF(Customers!E:E,"Referral") -> 16
A6: Win Rate | B6: =B3/B1 -> 0.5
A7: Average Deal Value | B7: =AVERAGE(Customers!H2:H100) -> 54460
A8: Sales by Sales Rep | B8: =SUMIF(Customers!G:G,"Alex",Customers!H:H) -> 1012000
A9: Leads by Source | B9: =COUNTIF(Customers!E:E,"LinkedIn") -> 17
A10: won | B10: =COUNTIF(Customers!F:F,"Won") -> 25 | C10: Deals by Status
A11: lost | B11: =COUNTIF(Customers!F:F,"Lost") -> 12 | C11: Deals by Status
A12: Pending | B12: =COUNTIF(Customers!F:F,"Pending") -> 13 | C12: Deals by Status
A13: Upcoming Follow-ups | B13: {=_xlfn._xlws.FILTER(A2:I100,I2:I100<=TODAY()+7)} -> 0

Sheet CRM dashboard
A1: CRM DASHBOARD
A2: A | B2: B | C2: C | D2: D | E2: E | F2: F
A3: Total Customers | B3: 50 | C3: Won Deals | D3: 25 | E3: Lost Deals | F3: 12
A4: Pending Deals | B4: 13 | C4: Revenue | D4: 2723000 | E4: Win Rate | F4: 0.5
A5: Avg Deal Value | B5: 54460
A10: Step 13: Create the Dashboard Layout
L13: `
